{"ProjectBreakpoints":"{\"Value\":{\"Process.xaml\":[{\"ConditionalExpression\":null,\"ActionExpression\":null,\"ExpectedHitCounter\":null,\"ShouldContinueAfterAction\":false,\"IsEnabled\":false,\"ActivityIdRef\":\"ExcelApplicationScope_1\",\"ActivityId\":\"1.568\",\"ActivityName\":\"Excel Application Scope\"}]}}","ProjectWatches":"{\"Value\":[]}","OpenedDocuments":"[\"Framework/CloseAllApplications.xaml\",\"Framework/GetTransactionData.xaml\",\"Main.xaml\"]","LibraryProjectSettings":"{\"IncludeSourcesByDefault\":true,\"CompileExpressions\":true,\"DefaultActivitiesRootCategories\":[null]}"}